ListingId;MarketplaceName;InvalidField
3ae5b275-a4c2-448a-b441-d51b163eb4e5;2;[upload_time, owner_email_address]
f44ab90c-37f7-4c3e-9266-64fb308ad7b4;1;[listing_price]
01635ca7-b91d-4238-92b8-2a0c865163ae;1;[upload_time]
d9e3e7c1-c3a9-4ed1-8ad6-ac7e65ee4eb4;1;[listing_price, owner_email_address]
f8ad63fc-4dea-443e-9e93-8c6578d246af;1;[upload_time, listing_price]
9c94f596-ca2e-4809-998f-d5c7e2c22953;2;[owner_email_address]
b1ce285e-b7ee-45dd-b59b-66e307b393ee;1;[owner_email_address]
adac687f-d8d9-48af-a657-6ceb9ea785ad;2;[listing_price, owner_email_address]
1695fa3a-8851-48c9-ba2d-06cd4dbc7166;1;[upload_time]
83ef6a90-85eb-449e-9c5f-0d4bca7e6e6f;1;[listing_price, owner_email_address]
e0e18226-2b10-4c98-9964-b6254d4e0311;1;[owner_email_address]
10257e76-698f-4d94-a19d-6c9b6bfc53ce;2;[listing_price]
da5d0dec-d016-4e34-8d63-4ce835dce682;2;[owner_email_address]
13ffd8d8-b245-4e94-bc97-36bc7ea3a4ee;2;[owner_email_address]
5a5133be-b7b7-46b6-8ed4-341378f13b79;1;[listing_price, owner_email_address]
c5ce96fa-e55c-47e0-b4f6-a31c9055d1c0;1;[listing_price]
2189ae03-07ed-478a-90c6-b46ba2d86148;1;[listing_price, owner_email_address]
8336292e-a2b9-4dce-9da5-574abac0ac51;2;[upload_time]
de73b8ec-7032-4597-b62c-27223a5f49a8;1;[listing_price, owner_email_address]
5db25f13-f672-462a-a51a-5f863d35e031;2;[owner_email_address]
d9686ccd-6952-4252-bdb6-9cda25d50481;2;[listing_price, owner_email_address]
d9c80244-ca35-452f-9b81-6a80b7b621db;2;[owner_email_address]
1322f44d-4062-4542-af25-96ebe23c6335;1;[listing_price]
3785f61e-97ff-437a-b050-e0f1d841b0a2;1;[listing_price]
71bee20c-ac1e-478c-a81f-6be99ac7b025;2;[listing_price]
8b52ec0d-101a-4a19-99b5-d2da2a088041;1;[listing_price]
3c885e42-a027-44dc-804f-021b9b8ab0cc;2;[owner_email_address]
b39d1df3-b8a0-4925-bc75-858f53b1dcac;2;[listing_price]
892d1391-200a-4d92-a27a-5ab39dc230c2;2;[owner_email_address]
2f84b4a7-a294-4612-a99a-b6c0768bf75c;2;[listing_price]
afa220c1-87a2-49ce-965b-276f27070eaf;1;[listing_price]
368f66f9-fa8a-4261-ac0b-2779e677a956;2;[upload_time]
1bee8775-b524-4c17-888b-d2f4998d401e;2;[owner_email_address]
4ac00cdf-db13-4343-99ec-d56469d80634;2;[owner_email_address]
5497db28-026b-4c57-b8f8-5c10abe062f7;1;[upload_time]
4c5c5b68-567c-49c7-b5e2-357c9d16f2bb;1;[listing_price]
b5114247-0a97-4456-8410-4c627e629933;2;[listing_price]
1ce7f760-0927-4215-ae62-8ea13ee1d8d3;1;[listing_price, owner_email_address]
059dc3d1-eeb7-45da-a8b4-5d1e1d73e7d5;2;[listing_price]
d5b10df9-7760-4769-9d0a-27655ac2956b;1;[listing_price]
8e1ad3a8-a38b-4df8-97cd-903a391ad6ee;2;[owner_email_address]
374daa97-8768-48a8-a63c-1ad42dfb87a9;2;[listing_price]
6c65c8d3-656d-4bd5-9170-7f42b61f4db5;2;[listing_price, owner_email_address]
7b0594d2-5351-49a8-bac7-15f28d14319b;2;[listing_price]
c0f0ce85-93ea-4bf4-85a7-b2d9b8df9495;1;[listing_price]
91e125e8-b264-47f7-8d68-ff858e8a9548;2;[listing_price]
986883b0-4df5-4939-b9f0-619498ae72d3;2;[listing_price]
b9f727a4-7f6f-4d41-a250-34b16651f307;1;[upload_time, listing_price]
77afdaf5-e543-4c31-aa55-30491cbb7a87;2;[listing_price]
944aaeef-d41a-45d2-b05a-5431761b69e7;1;[listing_price, owner_email_address]
35c36ee2-a765-441b-b65a-9cfc90e9079a;1;[upload_time, listing_price]
69918917-36e8-494f-9a55-1350bdbb9bbe;2;[listing_price, owner_email_address]
bf44a868-0be6-4993-b0c8-875c5149f978;2;[owner_email_address]
cc4a1407-5c5c-413e-9f6c-7113e102736e;2;[listing_price, owner_email_address]
4094492a-7129-4f9b-a862-cbe6bddcd162;2;[listing_price]
840c2820-5508-41ae-a16b-e4d1194f7c35;1;[listing_price]
358285a9-4695-4dca-b7c4-ed1d0a2a8f35;2;[listing_price, owner_email_address]
0531157f-a43d-4166-87a6-7c158ff3f0de;2;[listing_price]
a2a24d6f-7ec3-4200-bb63-65d093bbb273;1;[listing_price]
72741098-b9f3-4f63-b402-cd9c5635286b;1;[listing_price]
d223bb94-d6e1-42c6-a3c6-8711af4e2ea0;2;[listing_price]
2f7ad77f-8fe7-406a-873f-6b52bdd0a898;2;[listing_price]
997e522d-962f-4580-85c9-41e03d0e8a80;2;[owner_email_address]
fbdbbb90-6f54-4d19-8433-0f501e86cc4a;2;[owner_email_address]
bc95cbe9-a205-4964-83c7-aaa780993caa;2;[owner_email_address]
17f3be95-29c3-4e8a-9181-a191a3b214c0;1;[listing_price]
b75f1954-a583-417e-ae8c-6acac962cc0e;1;[listing_price]
9e8b4be2-7af0-4ab0-8361-a835da3cf26f;1;[upload_time]
f3f1343e-b2d5-4233-bfb3-5d4a140913d7;2;[listing_price]
715f8a80-04a8-4de2-ab08-be645febe119;1;[owner_email_address]
902d3f42-e156-4ea4-869b-668aad776743;2;[owner_email_address]
347cbec1-d7d0-48d5-ba88-1d507d488912;1;[listing_price]
013e2ed0-9fae-4734-aaec-2304c531d41d;1;[owner_email_address]
eeb01625-798f-414c-8799-063d4893c7fc;1;[listing_price]
755a265e-0fdb-4590-92c1-8d79d36df853;1;[upload_time]
5be5358e-b17e-4d44-a40d-edade579861a;1;[owner_email_address]
7fbf02ed-c5fd-48e8-bbc4-821bdc6df580;2;[owner_email_address]
a3b8b87f-9261-4396-91d6-7586a6402237;1;[listing_price]
2cd5e62b-3715-4923-b151-db8636bda83f;2;[owner_email_address]
127df98c-7d0f-483b-9e34-0598cbb0e248;2;[listing_price]
ea7a1a0b-e44f-44b9-b5eb-c4cc12b792b9;2;[listing_price]
93b8ac0e-273c-43af-9f1f-88f036554f1f;1;[upload_time]
cfa8e842-673a-4d91-839f-5d0efe76c004;1;[upload_time]
63f029d4-3c64-4821-b61f-e9dadc1fbf64;2;[owner_email_address]
21f4d4e1-ec49-4faf-9cb7-7748fef06bab;1;[upload_time]
433b4d5a-dfeb-44b7-910f-8e76689fba36;1;[listing_price]
83dd480a-aef6-43d4-9646-27e38a2657c4;1;[listing_price]
7def95c2-a223-43a3-b77d-e72221876a1d;1;[upload_time, listing_price]
5b9b8198-6d61-4dbc-8666-fe72e263f52d;1;[owner_email_address]
2e7379c7-254d-4aa4-b926-91b0f4b465e7;2;[owner_email_address]
9de84b72-01fa-4d9a-ba47-6d46340dd7d9;1;[upload_time, owner_email_address]
deb4c486-8aed-49da-bf2d-710a21cb5c5c;2;[listing_price, owner_email_address]
999d43d6-dd5f-4dce-ba96-47e9f59a7bae;2;[upload_time]
cba92a5e-75b9-4e0e-8116-3146c166af4c;2;[owner_email_address]
e5879d68-024b-4e36-97f0-0791a07d03b2;2;[upload_time]
bd48c0af-cff3-4f1e-b70c-ef314d77732e;1;[owner_email_address]
a3df004f-2fb4-4f03-92ba-3c8d104acb28;2;[owner_email_address]
9e5d86f4-b2ff-4e33-9415-b060bf87434d;1;[owner_email_address]
ac5f1e87-34da-4275-827e-440f27e37183;1;[upload_time, listing_price]
20aa1698-eae9-4f85-9615-91069056fc6a;2;[owner_email_address]
2d88897f-75d7-4899-896a-a92f8182de9d;2;[listing_price]
e15c82cf-39f8-4859-8bd2-cf7213c7c4c1;1;[listing_price, owner_email_address]
48df5b82-90b7-45a6-8910-7afc44217e9b;1;[owner_email_address]
3334e18a-ca82-4542-9868-b9e951daba23;1;[listing_price]
f1c92335-55f2-42b1-a61c-8016f82a535d;1;[owner_email_address]
1836fbb5-f740-4e04-b9d8-b6fd3623b25f;1;[listing_price]
f0cb4ec9-22c0-4053-9227-d0cb3a151cec;1;[upload_time, listing_price]
c8e88841-4014-42ed-a940-0d4242aff080;2;[listing_price]
178d9093-7b5b-42f8-8c05-5f493eda93f6;2;[owner_email_address]
a9f6292a-bf91-40aa-b9b1-c138402728bd;2;[listing_price]
b00d179a-0eaf-4925-bbde-39f9ec355f3b;1;[listing_price]
2d1ca87e-1270-40e3-9b40-3743a0e92780;2;[owner_email_address]
2fa24e06-ff19-4fc5-9742-471a6d1bbd1b;1;[listing_price]
cd90cee4-86db-45aa-a0ff-024c3ec462d0;2;[owner_email_address]
09f64fbe-0cfb-41e7-b26e-8e5679c9afe3;2;[listing_price]
7d525176-536a-491a-b050-c6745e5391b0;2;[owner_email_address]
ea4eef87-95c4-474a-9050-a37b43e61ab3;1;[upload_time, listing_price]
d8e6b712-1522-4500-8111-7eb6ecad9909;1;[listing_price]
3ecb4510-6eac-4f67-a6df-e314d139d90a;1;[listing_price]
01166a97-9c81-4cb9-88a9-14af9d316204;2;[listing_price]
c181ca05-3252-4afd-b619-b7ed8badb15d;1;[listing_price]
74ac4641-b58f-4b9e-9ef9-c796fa3a8a5e;2;[upload_time, owner_email_address]
397784f9-e867-47c6-9b90-c42d57cec569;2;[upload_time, listing_price]
e9134be6-4586-4582-9af1-1e00a0dd02ae;1;[upload_time]
bf83e970-97fb-4f9d-aff3-cfa4e7b84e99;2;[upload_time, owner_email_address]
9115cea9-d67e-4fee-a69d-6f73c41be8a7;2;[owner_email_address]
afa5efd1-dfb3-49a9-a48b-57f6656028f4;2;[upload_time]
d286a844-3c24-4480-b495-459c6b86f9a3;1;[listing_price]
0c237697-60e0-458a-b87f-912a1624b827;2;[owner_email_address]
9e11036a-4557-4d0a-844d-fbb41eb4a4ce;2;[upload_time]
6898d8cd-6c49-4407-afa9-ffb148321c38;2;[listing_price, owner_email_address]
8f8414a0-7474-4b4d-81a0-b1da1e0f7075;2;[listing_price]
8cf4a507-279f-46d9-9e0d-d9ae6b0ef4be;2;[listing_price, owner_email_address]
81e18ded-1de0-4b6f-b07a-d44222cfba68;1;[owner_email_address]
1f577b20-e310-445c-96f6-f841e39b64a9;2;[listing_price]
339eabeb-a0f0-4baa-b5e3-3ddd487f110c;1;[listing_price]
f025c1c9-f2cc-4343-b323-2b7f5dda6ef6;2;[listing_price]
e310b1e7-0368-49e8-8f6a-42aa3a9c4178;2;[listing_price]
6b5eec1d-a352-4ce8-acce-e6510828b827;2;[owner_email_address]
350a5082-0829-497c-bd95-9333a84acfd1;2;[listing_price]
e4e1635a-b412-4f2b-aac9-2f0565af7c72;2;[owner_email_address]
fbf72165-ecab-445c-ae59-dc3cf4acf921;1;[upload_time]
f65936d5-7e94-4368-a784-7d0f8aaf70df;1;[upload_time]
010b1927-0e0e-458d-ab3d-bab5dd8a2fef;2;[owner_email_address]
08217103-f760-449c-9a5b-4e5bb4ad0f58;1;[upload_time]
4230d693-7f86-4f48-a896-e44a2dd2e1da;2;[listing_price]
c71efd56-1ade-480e-b69e-bcf3b3386e6b;2;[listing_price]
dbdf3c08-5236-4810-bc5b-c49d6cd741b6;2;[listing_price]
2459fa16-cd33-44ea-88d5-f156c850f2c6;1;[listing_price]
213c0dd0-946c-4021-8e8c-82c411d9649e;2;[listing_price, owner_email_address]
cf17fbbc-38c2-4132-bad8-702c1dd8f855;2;[owner_email_address]
6f23006c-6392-4962-89b8-af1226c5d536;2;[owner_email_address]
03e726e5-a0f2-4f8e-8705-5ddcd51f0f70;2;[upload_time, listing_price]
3a14585e-9eeb-44c9-8ff5-4f108fa9c9cd;1;[listing_price]
0e3c5208-d4a4-4f16-95d8-83f2bf255cd3;1;[listing_price]
72a42f0c-d09f-48b9-a28b-5cd713eea72f;2;[listing_price]
d868e3d7-2c50-4586-a8d9-2fe8713f42b4;1;[owner_email_address]
6035bc29-8f4b-4a10-bf81-b864a4f1b5ff;2;[owner_email_address]
96c032d2-2b60-453a-98ac-e547d1a7c933;2;[listing_price]
433133df-6d1d-454d-b0a4-ac28a72adb79;1;[upload_time, listing_price]
3a828ef2-cc49-443e-8225-a82d2628c177;1;[owner_email_address]
5c002fa5-eade-4539-8b40-b6fd0ef961cb;1;[listing_price]
f7d89581-071a-439d-bc75-e08596219ac2;2;[listing_price]
91c28393-2b2e-44f9-b160-71fafbdbb0d6;1;[owner_email_address]
59282206-5bb3-4ddc-928c-ae9201fc3331;1;[listing_price]
7da3f6df-9d2f-4e10-85df-714152c6be04;1;[owner_email_address]
c13cdfee-3dd1-4d21-914c-b49cdc61ecb2;2;[upload_time]
851f4fe6-c75c-48ef-a93e-36e599523496;1;[listing_price]
7e1da65e-b2fb-4856-ba29-2c1f5810198d;2;[listing_price]
267a57b2-06ae-464b-b5fd-0a4f4f899780;2;[upload_time]
fb3e2aac-97f6-4124-adc3-b2f2bfee109b;2;[owner_email_address]
c2f6a6b8-7f6e-45fd-b796-2d4fc801d8bd;2;[owner_email_address]
f477c0f6-8a97-44a1-9936-a944e995ba62;1;[owner_email_address]
3a2fd043-324a-47b4-bc9a-d4a37af50645;1;[owner_email_address]
e812fe10-e151-46e8-800e-25efae4f2bc7;1;[listing_price]
edce45f7-f04f-43a8-8b02-e8a8fa77eebf;1;[upload_time]
9cad0f9d-8ce4-4855-9fd3-8aac50af936c;2;[owner_email_address]
707ce835-fd7f-48cb-8504-270bce6368f1;2;[owner_email_address]
80a6065a-9f79-4d31-bc68-bf1546695ab2;1;[upload_time]
ca0109fe-c208-4ba1-a80a-8b6b7cb339a7;2;[owner_email_address]
afeb799f-5f6c-4b01-86be-088fbe2e6e81;1;[listing_price, owner_email_address]
50ebff0a-9941-4c68-be61-d5bf67e5ef9a;2;[upload_time]
79292b9d-aa77-483d-a7b8-3270d186ffbe;1;[listing_price]
141fe00d-04b5-4846-9edb-1051fd27c94e;2;[listing_price, owner_email_address]
b0c122fe-8da2-4c17-8502-eb7e04eebe90;1;[listing_price, owner_email_address]
0f14437f-754a-43a5-a627-23b4b0a4d70c;1;[listing_price]
4c68518a-b0a2-456a-aa0a-c31cbcec1311;1;[listing_price]
0b4531f3-437b-4ff8-8389-060e7c9ba3c8;2;[listing_price]
63864a20-e1ed-4655-a89b-768a4c57f3e6;2;[owner_email_address]
a5f5aba0-b41f-419e-89c1-c5e96dcda99d;2;[listing_price]
27037fdc-b3e6-4cff-a508-2d92e4c6856d;2;[owner_email_address]
40fa136a-27cb-45e1-9f9c-438d9ef2b3ea;2;[listing_price]
3d040f32-6031-48f8-82c3-787398ff8a44;2;[owner_email_address]
0214deda-3dac-46f2-b560-602fe3a4e9b0;1;[listing_price]
3e605903-a605-4f20-8e86-422e971fec24;1;[listing_price]
b374c016-0e03-43b0-82b2-4c1146cbe5c0;2;[listing_price]
e9f8e8f0-6c2b-41c8-affe-2331668e855b;2;[owner_email_address]
82df8fec-3c1f-4045-969b-a274afc61526;2;[owner_email_address]
38bbf17b-8b44-415d-8190-0f8e9056ac8a;2;[upload_time]
49d9d999-a6a9-4357-bc3e-549ad3b06020;1;[upload_time]
a13ca2bb-ff4a-4900-97c7-8e697835b091;2;[owner_email_address]
e25a5736-5ba7-4ec9-a349-8981ff5cdf8c;1;[listing_price]
d3a7dc98-809f-43b5-8af3-aed80dd7c520;1;[listing_price]
b68295b7-2345-4429-97ec-644f49e203f9;1;[upload_time, listing_price]
3f3f8d79-04b0-4e65-ac76-8a6ddf8267be;2;[owner_email_address]
f5d0a048-48cc-4d92-8cd7-470c0d85d4be;1;[listing_price]
a463fcba-7d2a-4d86-b4dc-b2254eb815c2;1;[owner_email_address]
a22fbd01-dece-4341-9e91-8408192c42c2;2;[listing_price]
68d5167f-afe5-4832-9ce4-d8040e6ba480;2;[listing_price]
13ae81c5-689c-41c0-b8ec-7667f9cc63ae;2;[upload_time]
a22d5401-1a45-439a-94dc-a829e2c0cb16;2;[listing_price]
2811fff1-8e51-4563-b42f-e17c047209dd;2;[owner_email_address]
d15c653b-4930-43ef-8da8-b702f502f785;1;[upload_time, listing_price]
d8c2af84-be9a-4fd4-b330-5a7a1f29dcc0;2;[owner_email_address]
92e29e6d-bf91-4c28-9ca3-b8d6632cccd1;2;[listing_price]
ac1a6311-27bb-45fe-a333-9e78465ef404;2;[upload_time]
2fbef7e1-1f4d-4889-aa32-e9791e5ca3dd;2;[upload_time, listing_price]
6df09d4a-5b02-4a59-9b13-836d68175fc2;1;[listing_price, owner_email_address]
2e648778-b14b-48e5-8577-d8c84beecc2e;2;[listing_price]
54b7b0bf-38df-4bc4-944b-5a9dee45c9e5;2;[upload_time]
42e864a2-6d6c-41a5-91f8-7dda89499e7b;2;[listing_price]
3530bded-5034-4b35-b5bd-acf5878b1e62;2;[listing_price]
a6eac34f-afe0-4956-b966-9fc8213f8d0c;2;[owner_email_address]
228aeca8-90bf-4602-931e-829500df2f72;2;[listing_price]
e03a4569-a50b-4455-b867-a305199e99ee;1;[owner_email_address]
e0766928-2dc7-429e-88da-0e6887f10ac5;2;[listing_price]
80947e3e-cca0-4705-a78c-67a90be250c8;2;[owner_email_address]
95c01cf3-f17c-4579-8dad-1e477e4dc4a4;2;[listing_price]
9227e0bb-8aa2-4fd0-a4ef-1eebe3e53c1c;1;[listing_price]
450dcfc0-abf7-4689-be59-80c2371bd605;2;[listing_price]
dc9170e8-c936-4a9d-bc02-f500b64273d4;1;[listing_price]
d8af5f7b-a263-4558-8cef-1df48651de86;2;[owner_email_address]
2038ff37-87fa-42e0-aba5-63e6ca535689;1;[listing_price]
64384e28-bada-42a2-a3da-e33fde382fe4;1;[owner_email_address]
b266ce4c-86ba-44c0-be75-2402db959baa;2;[listing_price]
4498e9ac-b740-4340-beba-4c1bc8a47270;2;[upload_time]
10556852-03b6-4f91-aaa3-fe6871c73260;2;[owner_email_address]
33038db5-4030-4a93-a90b-c5aa0fdc914e;2;[listing_price]
e2c33f73-b433-4278-8fab-d054b2deb95c;1;[owner_email_address]
a6104ea4-e415-4695-95fb-f8f5a10e06f4;1;[listing_price]
390fa356-e961-421b-9e8a-c22eb70222d3;2;[listing_price]
3e6fe0ec-94ff-4a89-a268-70228fa56b34;2;[listing_price]
875972c9-74d7-44af-bef7-f4997e3f6f76;2;[upload_time, owner_email_address]
b098cf95-25c0-455c-a32d-7ca23ca0ba43;2;[owner_email_address]
2ebeef28-41c4-45c3-b5f8-64cbf1d179c5;1;[owner_email_address]
4d74e32d-63b9-4061-9bb9-3b8db491eb2e;2;[owner_email_address]
df58bd2d-b372-4461-8a98-b69a0538bb3c;1;[listing_price]
8593dc42-7b3e-44a8-9e87-853a68ac6fc8;2;[listing_price]
56d6f01b-c16f-413a-8976-a32e04d8c422;2;[upload_time]
07a643b0-962f-4cce-a262-32961cce9b1c;2;[owner_email_address]
aabd2a60-1e4a-4381-8e40-266e60a61d03;1;[owner_email_address]
455c2a02-6a0c-4b54-89e0-05b6e829bf99;2;[owner_email_address]
3a71431b-ae17-4134-821e-445dcfcdde88;1;[listing_price]
77f65908-ee00-4ba9-9972-63680a01ae97;2;[upload_time]
337b1377-4374-4e2e-8eae-c3cc1b2d797f;2;[owner_email_address]
512e6aab-5226-4429-a632-6a219a23232e;1;[listing_price]
c86c7343-56a0-46d5-80c3-9448696256a7;1;[listing_price]
f22b0608-adb2-4b5e-8871-3b315822e537;1;[owner_email_address]
820eabc0-e1a9-44e2-8a1f-9d4a4377c430;1;[owner_email_address]
b1887c2f-7bdc-4d3e-9db1-825c96a10d45;1;[listing_price]
9f6686bc-3cf6-4ded-acb0-3ad733b9b3d3;1;[listing_price]
cd55fc15-073d-4deb-9495-be32c6256717;2;[upload_time, owner_email_address]
478cb2fa-9f52-4a13-a5be-55de6c86785c;2;[owner_email_address]
c9dee249-5ccb-46df-b6b7-2945c63304a4;1;[listing_price]
ac18a9b8-6da7-4f2c-ad6a-a7214e5ad534;2;[listing_price]
f7a9ef31-19f4-4edb-b07d-2856e8f2a963;1;[upload_time]
6023d035-ca62-42bc-a914-7b51dce493ff;1;[owner_email_address]
dfce5b60-8e69-4cff-a1b0-5701c21a2c95;2;[owner_email_address]
12e40a36-484f-486d-96b9-19756ba9a0b6;1;[owner_email_address]
7bd4af4d-54cb-481e-8421-a1e226f4a2f8;2;[owner_email_address]
0abf5150-1e02-4e3e-bd61-b7c6895c1a4b;1;[listing_price]
fa854b8a-cec8-401f-8383-be4daf72c489;2;[listing_price]
43a8acae-8ccf-40b5-a94b-60980d5701d8;1;[upload_time, listing_price]
bf16872c-b9fe-4785-ab21-dd9098898fd9;1;[owner_email_address]
fcc72e91-c283-4d24-9608-fea6375f0e9f;1;[upload_time]
af28a7d4-f22f-48f7-b54c-e90004e75565;1;[upload_time]
ea5bcdda-ca61-4ecb-98b1-dbdb0dcb20ea;2;[owner_email_address]
95ad207d-0aef-424f-bcf9-a1117535f64d;1;[upload_time]
e9f1421f-d305-46ca-8c68-f3c383011a53;2;[upload_time, listing_price, owner_email_address]
78b4e12f-97de-4489-a50b-0850aa17e7cd;2;[listing_price]
aadda03a-3312-47d9-ada7-445233217e09;1;[listing_price]
827eecfc-327e-4ed7-ac2d-3d9284727cc3;1;[listing_price]
9ea9e8ab-ab24-4675-93b3-7023a22819c9;1;[listing_price]
ba8d6d80-ae27-42b9-b64e-0244a9341b01;2;[upload_time, owner_email_address]
444e2754-ac68-4f01-a048-8774891f6a49;2;[owner_email_address]
4e69b440-ed30-4f88-a0b8-b0ef40f344e3;2;[listing_price]
34e10d5b-15f9-44c0-b96a-d2ec25a7c287;1;[upload_time, listing_price]
80685c81-ea0f-4164-9cbe-3ad83c50530d;2;[listing_price]
b08c281f-87f6-4626-9a7c-ed060c59b779;2;[listing_price]
bf8a315a-f7a2-4360-9400-ddd0f413d0b8;2;[listing_price, owner_email_address]
e6534649-7e6f-4762-a592-964c72d3f467;1;[listing_price]
1a5ce98a-bef6-448f-8ea9-a8fbad6871e3;2;[upload_time, listing_price, owner_email_address]
e48120d8-e95c-4d8d-9bbe-34e7a6960c86;2;[owner_email_address]
04fafa18-572f-48e0-ad91-c83daca43730;1;[listing_price]
a61aba0e-6104-467f-9600-6372a4f22e5d;1;[owner_email_address]
45269571-76ee-4af8-9a16-4aa0a664b62f;1;[listing_price]
af2b8b7d-54bb-4802-bc69-a12c16dc847e;1;[owner_email_address]
3ad71f6c-b278-4bba-8e45-f54701619685;1;[listing_price]
db0da4c7-2cb6-4950-b2de-369e43ad1688;1;[listing_price]
85d58bd0-62c2-432f-a2d4-673b9fa74dc1;2;[listing_price]
150cff94-f461-4d34-acfb-2e37b5c27d70;1;[listing_price]
13a4ad9c-dec2-4be6-9939-79fd8fd72cbc;1;[upload_time]
6bbffd2c-4006-4681-ae9a-3acfd82a189e;2;[upload_time, owner_email_address]
d2789b1b-14ca-4fd5-a463-908c08552667;1;[listing_price, owner_email_address]
24080166-1656-4557-8d52-0bbb713e82d4;1;[upload_time]
e9619847-0455-4a89-919b-1061ee4c40f4;1;[listing_price]
c707016a-dfcc-4d66-a2c1-ae9a58a67dfe;2;[upload_time, listing_price]
c6f009b1-c046-463a-a36e-2c045b4cbc05;2;[listing_price]
1bb1d664-d75b-4d89-a650-c85f531f1b75;2;[listing_price]
4a9dc62d-6479-46cd-9eb3-f54ee162d1bb;1;[owner_email_address]
69a97ac1-49bd-4814-abf6-d3e3bcb492eb;2;[listing_price]
59ce4530-6c15-4359-a712-d23d7eeb8b18;2;[owner_email_address]
772998ce-a6a8-4834-b259-7d3e29786f77;2;[listing_price]
d5915066-9896-42c2-812f-a3fb150dba9d;1;[upload_time, listing_price, owner_email_address]
8cf074ae-c624-411c-9827-8f19be2366c8;2;[upload_time, owner_email_address]
a12dab26-13b4-44ae-912f-7de507992ad9;1;[listing_price]
d5bddc96-aac3-40d2-bc39-1b82c929db54;1;[listing_price]
abcfad6c-4019-40cf-8beb-51575ba444e0;1;[listing_price]
2348cc2a-7d8b-4db9-a735-1ec320306f4e;1;[owner_email_address]
b88a5fca-d06c-4ea8-a423-53709f3abba2;2;[owner_email_address]
f7a42d7b-c018-43fb-b289-ea34b34c7bb5;2;[upload_time]
3f484762-1c36-43d7-92ad-c17d89392652;2;[owner_email_address]
89383bf8-b142-458d-966d-163e227a17cb;1;[listing_price]
53c4ecdd-6863-47fb-b79a-56ef62123a6f;2;[listing_price]
b250cf27-c66d-4003-91f2-85551c4871c5;2;[upload_time, listing_price]
7de140dc-ac9f-4053-bf95-2de80c417cb1;2;[owner_email_address]
5470b32b-5c5a-457c-9c19-67defebe5380;1;[listing_price]
ced2d84a-f5a5-4923-8ce3-a703c7854ad4;2;[upload_time, owner_email_address]
fc4e3c33-3372-4d4b-94bc-ccedd6504a8c;2;[owner_email_address]
5624e13b-5e17-413e-87c2-7f8c0a90af6b;2;[upload_time, owner_email_address]
42a8191c-ed11-4311-a458-0ba30ea28c3d;2;[listing_price]
14f84f5d-6912-4397-afe2-fc5771c5f385;2;[upload_time, owner_email_address]
6437d001-59da-47a9-b9d0-6d2184cfb592;2;[listing_price]
468c0fb1-7a65-426f-953b-c2ab22cf5c6e;2;[owner_email_address]
a8605481-bf09-4406-bf23-8243ca520c8c;1;[listing_price]
6bf05d98-c6ee-4620-8c7f-dc965de108a3;1;[upload_time, owner_email_address]
b1716342-3678-4467-a533-beeb352eb384;2;[upload_time]
772df8a3-5144-4ab1-a168-7f00ef2177dd;2;[owner_email_address]
ed4ffe90-3420-4192-9f19-5efd9257a252;1;[listing_price, owner_email_address]
4adda320-7ed3-44a9-bcf1-f2d6dc2f75d7;2;[upload_time, listing_price]
52e3de6c-f6d4-4be1-9525-e20bc9c186fb;2;[owner_email_address]
e4332329-029b-4f51-b879-3c0fdcd4aeb9;2;[upload_time, listing_price]
b3afb220-c0ae-4556-affb-7376f49e175e;1;[owner_email_address]
fa010935-932c-483d-a2bd-4226bb8f3d0a;2;[owner_email_address]
0a3f26ac-110b-4f05-bd31-fc52263c1d1c;1;[listing_price]
0d0a4ae4-4c6d-489c-a4b4-f5f3bc19c091;1;[listing_price, owner_email_address]
0b1dedef-e71e-4aee-9d41-febd64a91844;1;[owner_email_address]
9a5e3909-074c-49f9-a714-e98b17767ab1;1;[listing_price]
cdc34b81-de74-4a85-94a5-d7f6a22522f2;2;[upload_time]
1fd24374-818d-4028-9689-f2bb32c00bc5;2;[upload_time]
93fcea64-ebea-4bc4-93e8-d3df7f810e65;1;[owner_email_address]
8761a2f7-8a61-43f1-a6b9-968312d9e159;1;[owner_email_address]
f1518c89-6c66-45b2-bf0a-3b170670c1d7;2;[upload_time, listing_price]
27c8214b-ec1d-429d-9aab-829de2824626;2;[owner_email_address]
ca0e13a1-73cd-4c85-a40a-73aef78ff3f2;2;[upload_time]
253c46ec-9cf1-4a0d-a5ca-27a365122bcf;2;[owner_email_address]
4af9c2d5-a1ea-40ac-8fca-c399da274179;1;[owner_email_address]
f9943f9c-ef1a-4244-98ef-1fd5529dd409;1;[upload_time]
d9188073-ae5f-4d97-9314-626e5114c8a3;1;[upload_time, listing_price]
79c3890b-6520-4f36-a588-93ac2411babf;1;[listing_price, owner_email_address]
734e90c7-e894-4ed5-ba04-af60cd0a8c97;2;[owner_email_address]
d63df0c8-6a25-4e9c-8589-8bfa29b743f0;1;[listing_price]
e813704f-3cb6-449a-aade-d3df41ccbe8f;2;[owner_email_address]
e1984548-9fa4-4f8d-9b1f-f24945c471c6;1;[listing_price]
655f6146-2e62-4331-844b-a033a4565ecb;2;[upload_time]
fd6cced7-b976-497a-b9c6-7ad62085e67c;1;[listing_price]
fac8d4a2-e957-493b-96dd-bd0ed730f745;1;[upload_time]
02b7ec48-3d50-434b-b858-39f6454ee146;2;[owner_email_address]
